{
   "maxWalk": 18.394,
   "maxWalkSpeed": 12.953521,
   "minWalk": 13.1444,
   "minWalkSpeed": 9.25662
}