{
   "maxWalk": 17.238,
   "maxWalkSpeed": 12.139437,
   "minWalk": 11.4784,
   "minWalkSpeed": 8.08338
}