{
   "maxWalk": 20.3048,
   "maxWalkSpeed": 14.299155,
   "minWalk": 13.1444,
   "minWalkSpeed": 9.25662
}